{
    "users": [
      {
        "id": 1,
        "email": "syuzi@gmail.com",
        "hashedPassword": "$2b$10$3wxEbR0bk1ys/rFr54hUm.DP/Sjh8NcDmP5ewEu9nl48dZlWbFIIK",
        "_comment_password": "Syuzi123"
    },
      {
        "id": 2,
        "email": "syuzanna05@mail.ru",
        "hashedPassword": "$2b$10$C4tACz1PgUhJCQ1YMi3bZ.uFlIx6h7cZyXV50KqG4YIfRH4tb1qHG",
        "_comment_password": "Syuzi000"
      },
      {
        "id": 3,
        "email": "user000@mail.net",
        "hashedPassword": "$2b$10$LPXv/NuRDixEssfuRVHz2uGBx3KvGT44NhXxoitASJGx60nZYySni",
        "_comment_password": "aaa123"
      }
    ]
  }